Datetime,Latitude,Longitude,Location,TimeZone,Temperature(°C),Dewpoint(°C),Apparent_Temperature(°C),Precipitation(mm),Rain(mm),Snowfall(cm),Cloudcover(%),Windspeed(km/h),Winddirection(°),Windgusts(km/h),Is_day,Shortwave_radiation(W/m²),Direct_radiation(W/m²),Direct_radiation_instant(W/m²),Created_Datetime
2023-10-18 00:00:00,42.75,21.125,Prishtina,Europe/Berlin,7.4,5.4,5.4,0.0,0.0,0.0,100,5.7,18,13.3,0,0.0,0.0,0.0,2023-10-28 18:19:14.500106
2023-10-18 01:00:00,42.75,21.125,Prishtina,Europe/Berlin,7.3,5.2,5.3,0.0,0.0,0.0,100,5.2,16,11.5,0,0.0,0.0,0.0,2023-10-28 18:19:14.500106
2023-10-18 02:00:00,42.75,21.125,Prishtina,Europe/Berlin,6.9,5.5,5.2,0.0,0.0,0.0,100,4.5,14,10.1,0,0.0,0.0,0.0,2023-10-28 18:19:14.500106
2023-10-18 03:00:00,42.75,21.125,Prishtina,Europe/Berlin,6.3,5.3,4.6,0.0,0.0,0.0,100,3.7,11,8.3,0,0.0,0.0,0.0,2023-10-28 18:19:14.500106
2023-10-18 04:00:00,42.75,21.125,Prishtina,Europe/Berlin,5.8,5.0,4.1,0.0,0.0,0.0,95,3.3,13,7.2,0,0.0,0.0,0.0,2023-10-28 18:19:14.500106
2023-10-18 05:00:00,42.75,21.125,Prishtina,Europe/Berlin,5.0,4.6,3.3,0.0,0.0,0.0,96,2.7,23,6.5,0,0.0,0.0,0.0,2023-10-28 18:19:14.500106
2023-10-18 06:00:00,42.75,21.125,Prishtina,Europe/Berlin,4.2,4.1,2.4,0.0,0.0,0.0,92,3.0,14,5.4,0,0.0,0.0,0.0,2023-10-28 18:19:14.500106
2023-10-18 07:00:00,42.75,21.125,Prishtina,Europe/Berlin,3.4,3.4,1.4,0.0,0.0,0.0,88,3.1,21,6.8,1,0.0,0.0,0.0,2023-10-28 18:19:14.500106
2023-10-18 08:00:00,42.75,21.125,Prishtina,Europe/Berlin,4.1,4.0,2.3,0.0,0.0,0.0,72,2.8,50,7.9,1,56.0,14.0,26.2,2023-10-28 18:19:14.500106
2023-10-18 09:00:00,42.75,21.125,Prishtina,Europe/Berlin,7.1,5.7,5.9,0.0,0.0,0.0,45,1.3,34,5.8,1,204.0,100.0,128.4,2023-10-28 18:19:14.500106
2023-10-18 10:00:00,42.75,21.125,Prishtina,Europe/Berlin,9.2,6.1,8.0,0.0,0.0,0.0,51,1.3,304,5.8,1,348.0,204.0,233.8,2023-10-28 18:19:14.500106
2023-10-18 11:00:00,42.75,21.125,Prishtina,Europe/Berlin,10.5,6.4,9.2,0.0,0.0,0.0,62,2.3,231,8.6,1,431.0,255.0,274.5,2023-10-28 18:19:14.500106
2023-10-18 12:00:00,42.75,21.125,Prishtina,Europe/Berlin,11.8,6.5,10.1,0.0,0.0,0.0,86,5.5,203,12.2,1,389.0,193.0,198.5,2023-10-28 18:19:14.500106
2023-10-18 13:00:00,42.75,21.125,Prishtina,Europe/Berlin,13.2,6.3,11.4,0.0,0.0,0.0,79,5.9,218,13.0,1,389.0,160.0,157.9,2023-10-28 18:19:14.500106
2023-10-18 14:00:00,42.75,21.125,Prishtina,Europe/Berlin,14.3,5.3,12.4,0.0,0.0,0.0,59,4.8,207,14.4,1,423.0,193.0,182.2,2023-10-28 18:19:14.500106
2023-10-18 15:00:00,42.75,21.125,Prishtina,Europe/Berlin,14.5,5.0,12.2,0.0,0.0,0.0,20,7.2,207,15.1,1,424.0,264.0,235.3,2023-10-28 18:19:14.500106
2023-10-18 16:00:00,42.75,21.125,Prishtina,Europe/Berlin,14.0,5.1,11.5,0.0,0.0,0.0,71,8.7,210,17.6,1,324.0,218.0,176.0,2023-10-28 18:19:14.500106
2023-10-18 17:00:00,42.75,21.125,Prishtina,Europe/Berlin,13.5,5.1,11.3,0.0,0.0,0.0,82,7.0,201,17.6,1,154.0,72.0,44.1,2023-10-28 18:19:14.500106
2023-10-18 18:00:00,42.75,21.125,Prishtina,Europe/Berlin,11.4,5.7,9.7,0.0,0.0,0.0,75,3.7,209,13.3,0,27.0,6.0,0.0,2023-10-28 18:19:14.500106
2023-10-18 19:00:00,42.75,21.125,Prishtina,Europe/Berlin,9.9,5.7,8.4,0.0,0.0,0.0,65,2.9,150,6.1,0,0.0,0.0,0.0,2023-10-28 18:19:14.500106
2023-10-18 20:00:00,42.75,21.125,Prishtina,Europe/Berlin,7.8,5.9,6.2,0.0,0.0,0.0,92,3.5,114,5.4,0,0.0,0.0,0.0,2023-10-28 18:19:14.500106
2023-10-18 21:00:00,42.75,21.125,Prishtina,Europe/Berlin,6.8,5.4,5.4,0.0,0.0,0.0,34,2.3,108,5.8,0,0.0,0.0,0.0,2023-10-28 18:19:14.500106
2023-10-18 22:00:00,42.75,21.125,Prishtina,Europe/Berlin,6.3,4.9,4.7,0.0,0.0,0.0,69,1.9,112,4.7,0,0.0,0.0,0.0,2023-10-28 18:19:14.500106
2023-10-18 23:00:00,42.75,21.125,Prishtina,Europe/Berlin,5.5,4.6,3.9,0.0,0.0,0.0,100,1.5,104,4.3,0,0.0,0.0,0.0,2023-10-28 18:19:14.500106
2023-10-19 00:00:00,42.75,21.125,Prishtina,Europe/Berlin,5.3,4.5,3.9,0.0,0.0,0.0,95,0.4,180,4.0,0,0.0,0.0,0.0,2023-10-28 18:19:14.500106
2023-10-19 01:00:00,42.75,21.125,Prishtina,Europe/Berlin,5.0,4.6,3.6,0.0,0.0,0.0,92,0.8,207,2.5,0,0.0,0.0,0.0,2023-10-28 18:19:14.500106
2023-10-19 02:00:00,42.75,21.125,Prishtina,Europe/Berlin,5.2,5.2,3.9,0.0,0.0,0.0,74,0.7,90,3.2,0,0.0,0.0,0.0,2023-10-28 18:19:14.500106
2023-10-19 03:00:00,42.75,21.125,Prishtina,Europe/Berlin,5.1,5.1,3.7,0.0,0.0,0.0,100,1.5,256,2.5,0,0.0,0.0,0.0,2023-10-28 18:19:14.500106
2023-10-19 04:00:00,42.75,21.125,Prishtina,Europe/Berlin,5.5,5.5,4.1,0.0,0.0,0.0,100,1.5,256,2.9,0,0.0,0.0,0.0,2023-10-28 18:19:14.500106
2023-10-19 05:00:00,42.75,21.125,Prishtina,Europe/Berlin,5.9,5.9,4.6,0.0,0.0,0.0,100,1.5,256,3.2,0,0.0,0.0,0.0,2023-10-28 18:19:14.500106
2023-10-19 06:00:00,42.75,21.125,Prishtina,Europe/Berlin,6.3,6.3,4.9,0.0,0.0,0.0,100,2.9,263,5.4,0,0.0,0.0,0.0,2023-10-28 18:19:14.500106
2023-10-19 07:00:00,42.75,21.125,Prishtina,Europe/Berlin,6.6,6.6,5.3,0.0,0.0,0.0,100,2.5,270,5.8,1,0.0,0.0,0.0,2023-10-28 18:19:14.500106
2023-10-19 08:00:00,42.75,21.125,Prishtina,Europe/Berlin,7.2,7.2,6.0,0.0,0.0,0.0,100,2.7,247,6.5,1,24.0,0.0,0.0,2023-10-28 18:19:14.500106
2023-10-19 09:00:00,42.75,21.125,Prishtina,Europe/Berlin,8.8,7.9,7.8,0.1,0.1,0.0,100,3.3,257,7.9,1,96.0,14.0,18.0,2023-10-28 18:19:14.500106
2023-10-19 10:00:00,42.75,21.125,Prishtina,Europe/Berlin,11.9,9.5,11.0,0.0,0.0,0.0,89,5.6,243,13.3,1,331.0,186.0,213.4,2023-10-28 18:19:14.500106
2023-10-19 11:00:00,42.75,21.125,Prishtina,Europe/Berlin,14.6,10.0,13.1,0.0,0.0,0.0,44,9.9,213,21.6,1,455.0,288.0,310.2,2023-10-28 18:19:14.500106
2023-10-19 12:00:00,42.75,21.125,Prishtina,Europe/Berlin,16.2,9.3,13.9,0.0,0.0,0.0,49,14.4,202,28.8,1,516.0,332.0,341.4,2023-10-28 18:19:14.500106
2023-10-19 13:00:00,42.75,21.125,Prishtina,Europe/Berlin,17.0,9.9,14.6,0.0,0.0,0.0,42,16.5,196,32.4,1,512.0,316.0,311.8,2023-10-28 18:19:14.500106
2023-10-19 14:00:00,42.75,21.125,Prishtina,Europe/Berlin,18.2,9.8,15.9,0.0,0.0,0.0,90,15.0,201,34.6,1,500.0,338.0,319.0,2023-10-28 18:19:14.500106
2023-10-19 15:00:00,42.75,21.125,Prishtina,Europe/Berlin,18.1,10.4,16.6,0.3,0.0,0.0,100,10.8,210,37.1,1,333.0,163.0,145.1,2023-10-28 18:19:14.500106
2023-10-19 16:00:00,42.75,21.125,Prishtina,Europe/Berlin,17.5,10.9,15.8,0.0,0.0,0.0,89,13.2,191,31.0,1,152.0,18.0,14.5,2023-10-28 18:19:14.500106
2023-10-19 17:00:00,42.75,21.125,Prishtina,Europe/Berlin,17.4,10.5,15.7,0.0,0.0,0.0,79,13.0,185,27.4,1,109.0,26.0,15.7,2023-10-28 18:19:14.500106
2023-10-19 18:00:00,42.75,21.125,Prishtina,Europe/Berlin,15.9,10.7,14.7,0.0,0.0,0.0,51,9.8,188,24.8,0,22.0,4.0,0.0,2023-10-28 18:19:14.500106
2023-10-19 19:00:00,42.75,21.125,Prishtina,Europe/Berlin,15.0,10.6,13.8,0.0,0.0,0.0,34,9.3,196,19.8,0,0.0,0.0,0.0,2023-10-28 18:19:14.500106
2023-10-19 20:00:00,42.75,21.125,Prishtina,Europe/Berlin,14.4,10.4,13.2,0.0,0.0,0.0,42,9.4,173,19.4,0,0.0,0.0,0.0,2023-10-28 18:19:14.500106
2023-10-19 21:00:00,42.75,21.125,Prishtina,Europe/Berlin,14.0,10.2,13.1,0.0,0.0,0.0,9,6.7,196,19.8,0,0.0,0.0,0.0,2023-10-28 18:19:14.500106
2023-10-19 22:00:00,42.75,21.125,Prishtina,Europe/Berlin,13.3,10.3,12.4,0.0,0.0,0.0,85,6.6,209,13.7,0,0.0,0.0,0.0,2023-10-28 18:19:14.500106
2023-10-19 23:00:00,42.75,21.125,Prishtina,Europe/Berlin,13.7,10.3,12.8,0.0,0.0,0.0,69,6.8,205,16.2,0,0.0,0.0,0.0,2023-10-28 18:19:14.500106
2023-10-20 00:00:00,42.75,21.125,Prishtina,Europe/Berlin,13.4,10.2,12.5,0.0,0.0,0.0,58,6.5,214,14.4,0,0.0,0.0,0.0,2023-10-28 18:19:14.500106
2023-10-20 01:00:00,42.75,21.125,Prishtina,Europe/Berlin,12.6,10.3,11.8,0.0,0.0,0.0,44,6.4,232,14.0,0,0.0,0.0,0.0,2023-10-28 18:19:14.500106
2023-10-20 02:00:00,42.75,21.125,Prishtina,Europe/Berlin,13.2,10.2,12.2,0.0,0.0,0.0,83,6.8,205,13.0,0,0.0,0.0,0.0,2023-10-28 18:19:14.500106
2023-10-20 03:00:00,42.75,21.125,Prishtina,Europe/Berlin,13.4,9.8,12.3,0.0,0.0,0.0,100,7.4,203,14.8,0,0.0,0.0,0.0,2023-10-28 18:19:14.500106
2023-10-20 04:00:00,42.75,21.125,Prishtina,Europe/Berlin,13.4,9.8,12.2,0.0,0.0,0.0,39,7.5,215,17.3,0,0.0,0.0,0.0,2023-10-28 18:19:14.500106
2023-10-20 05:00:00,42.75,21.125,Prishtina,Europe/Berlin,13.2,10.0,12.1,0.0,0.0,0.0,16,7.6,205,16.9,0,0.0,0.0,0.0,2023-10-28 18:19:14.500106
2023-10-20 06:00:00,42.75,21.125,Prishtina,Europe/Berlin,13.2,9.8,12.0,0.0,0.0,0.0,52,7.8,202,15.8,0,0.0,0.0,0.0,2023-10-28 18:19:14.500106
2023-10-20 07:00:00,42.75,21.125,Prishtina,Europe/Berlin,12.7,9.7,11.5,0.0,0.0,0.0,0,7.6,211,17.3,1,0.0,0.0,0.0,2023-10-28 18:19:14.500106
2023-10-20 08:00:00,42.75,21.125,Prishtina,Europe/Berlin,13.8,10.0,12.7,0.0,0.0,0.0,3,7.4,203,16.9,1,57.0,24.0,46.5,2023-10-28 18:19:14.500106
2023-10-20 09:00:00,42.75,21.125,Prishtina,Europe/Berlin,16.0,10.3,14.7,0.0,0.0,0.0,2,9.9,199,20.9,1,208.0,139.0,179.6,2023-10-28 18:19:14.500106
2023-10-20 10:00:00,42.75,21.125,Prishtina,Europe/Berlin,18.4,10.9,16.2,0.0,0.0,0.0,22,17.0,193,34.2,1,362.0,275.0,315.9,2023-10-28 18:19:14.500106
2023-10-20 11:00:00,42.75,21.125,Prishtina,Europe/Berlin,20.5,10.6,17.9,0.0,0.0,0.0,0,18.9,188,41.0,1,484.0,383.0,412.6,2023-10-28 18:19:14.500106
2023-10-20 12:00:00,42.75,21.125,Prishtina,Europe/Berlin,21.9,10.4,19.2,0.0,0.0,0.0,0,19.8,190,40.3,1,563.0,464.0,477.2,2023-10-28 18:19:14.500106
2023-10-20 13:00:00,42.75,21.125,Prishtina,Europe/Berlin,22.7,10.8,20.3,0.0,0.0,0.0,0,19.1,192,40.3,1,583.0,483.0,476.5,2023-10-28 18:19:14.500106
2023-10-20 14:00:00,42.75,21.125,Prishtina,Europe/Berlin,23.4,11.4,21.4,0.0,0.0,0.0,1,16.4,189,38.9,1,544.0,449.0,423.4,2023-10-28 18:19:14.500106
2023-10-20 15:00:00,42.75,21.125,Prishtina,Europe/Berlin,23.8,11.8,22.0,0.0,0.0,0.0,0,15.6,187,34.6,1,451.0,364.0,323.5,2023-10-28 18:19:14.500106
2023-10-20 16:00:00,42.75,21.125,Prishtina,Europe/Berlin,23.5,11.5,22.0,0.0,0.0,0.0,0,13.5,189,32.0,1,316.0,240.0,192.5,2023-10-28 18:19:14.500106
2023-10-20 17:00:00,42.75,21.125,Prishtina,Europe/Berlin,22.6,11.3,21.6,0.0,0.0,0.0,0,9.5,171,27.0,1,154.0,99.0,58.9,2023-10-28 18:19:14.500106
2023-10-20 18:00:00,42.75,21.125,Prishtina,Europe/Berlin,20.4,10.5,19.7,0.0,0.0,0.0,0,6.1,183,18.4,0,22.0,8.0,0.0,2023-10-28 18:19:14.500106
2023-10-20 19:00:00,42.75,21.125,Prishtina,Europe/Berlin,18.8,10.4,18.2,0.0,0.0,0.0,0,5.0,201,11.9,0,0.0,0.0,0.0,2023-10-28 18:19:14.500106
2023-10-20 20:00:00,42.75,21.125,Prishtina,Europe/Berlin,18.5,9.3,17.6,0.0,0.0,0.0,4,4.6,198,9.7,0,0.0,0.0,0.0,2023-10-28 18:19:14.500106
2023-10-20 21:00:00,42.75,21.125,Prishtina,Europe/Berlin,17.1,9.2,16.4,0.0,0.0,0.0,2,3.4,212,7.6,0,0.0,0.0,0.0,2023-10-28 18:19:14.500106
2023-10-20 22:00:00,42.75,21.125,Prishtina,Europe/Berlin,16.1,9.2,15.4,0.0,0.0,0.0,4,3.1,234,6.8,0,0.0,0.0,0.0,2023-10-28 18:19:14.500106
2023-10-20 23:00:00,42.75,21.125,Prishtina,Europe/Berlin,16.7,8.1,15.8,0.0,0.0,0.0,0,2.7,203,5.4,0,0.0,0.0,0.0,2023-10-28 18:19:14.500106
2023-10-21 00:00:00,42.75,21.125,Prishtina,Europe/Berlin,16.0,8.0,14.9,0.0,0.0,0.0,1,3.7,209,7.2,0,0.0,0.0,0.0,2023-10-28 18:19:14.500106
2023-10-21 01:00:00,42.75,21.125,Prishtina,Europe/Berlin,15.1,8.3,14.0,0.0,0.0,0.0,0,4.2,211,8.3,0,0.0,0.0,0.0,2023-10-28 18:19:14.500106
2023-10-21 02:00:00,42.75,21.125,Prishtina,Europe/Berlin,15.7,7.4,14.3,0.0,0.0,0.0,0,4.7,203,9.0,0,0.0,0.0,0.0,2023-10-28 18:19:14.500106
2023-10-21 03:00:00,42.75,21.125,Prishtina,Europe/Berlin,14.8,7.8,13.6,0.0,0.0,0.0,0,4.1,218,9.0,0,0.0,0.0,0.0,2023-10-28 18:19:14.500106
2023-10-21 04:00:00,42.75,21.125,Prishtina,Europe/Berlin,14.2,7.9,13.2,0.0,0.0,0.0,0,2.6,214,7.9,0,0.0,0.0,0.0,2023-10-28 18:19:14.500106
2023-10-21 05:00:00,42.75,21.125,Prishtina,Europe/Berlin,14.2,7.7,13.4,0.0,0.0,0.0,0,1.8,217,5.4,0,0.0,0.0,0.0,2023-10-28 18:19:14.500106
2023-10-21 06:00:00,42.75,21.125,Prishtina,Europe/Berlin,13.4,7.2,12.6,0.0,0.0,0.0,0,0.4,360,2.9,0,0.0,0.0,0.0,2023-10-28 18:19:14.500106
2023-10-21 07:00:00,42.75,21.125,Prishtina,Europe/Berlin,13.0,6.8,11.8,0.0,0.0,0.0,0,2.3,51,2.9,1,0.0,0.0,0.0,2023-10-28 18:19:14.500106
2023-10-21 08:00:00,42.75,21.125,Prishtina,Europe/Berlin,12.3,8.5,11.3,0.0,0.0,0.0,0,3.6,53,7.6,1,55.0,24.0,47.5,2023-10-28 18:19:14.500106
2023-10-21 09:00:00,42.75,21.125,Prishtina,Europe/Berlin,15.4,10.6,15.4,0.0,0.0,0.0,0,1.0,315,6.8,1,203.0,132.0,171.1,2023-10-28 18:19:14.500106
2023-10-21 10:00:00,42.75,21.125,Prishtina,Europe/Berlin,19.8,11.3,19.6,0.0,0.0,0.0,92,4.0,190,10.1,1,334.0,216.0,248.4,2023-10-28 18:19:14.500106
2023-10-21 11:00:00,42.75,21.125,Prishtina,Europe/Berlin,23.0,9.0,21.3,0.0,0.0,0.0,100,9.7,178,24.8,1,388.0,181.0,195.1,2023-10-28 18:19:14.500106
2023-10-21 12:00:00,42.75,21.125,Prishtina,Europe/Berlin,23.9,9.1,21.6,0.0,0.0,0.0,100,14.4,180,28.1,1,334.0,68.0,69.9,2023-10-28 18:19:14.500106
2023-10-21 13:00:00,42.75,21.125,Prishtina,Europe/Berlin,24.4,8.8,21.7,0.0,0.0,0.0,100,16.6,180,32.4,1,327.0,54.0,53.3,2023-10-28 18:19:14.500106
2023-10-21 14:00:00,42.75,21.125,Prishtina,Europe/Berlin,25.7,5.8,21.7,0.0,0.0,0.0,100,20.1,170,33.5,1,335.0,66.0,62.2,2023-10-28 18:19:14.500106
2023-10-21 15:00:00,42.75,21.125,Prishtina,Europe/Berlin,24.7,8.6,21.6,0.0,0.0,0.0,100,18.6,171,37.4,1,284.0,59.0,52.4,2023-10-28 18:19:14.500106
2023-10-21 16:00:00,42.75,21.125,Prishtina,Europe/Berlin,23.6,9.2,21.3,0.0,0.0,0.0,100,14.6,170,36.0,1,166.0,17.0,13.6,2023-10-28 18:19:14.500106
2023-10-21 17:00:00,42.75,21.125,Prishtina,Europe/Berlin,22.7,9.1,20.3,0.0,0.0,0.0,100,15.0,169,28.4,1,74.0,2.0,1.2,2023-10-28 18:19:14.500106
2023-10-21 18:00:00,42.75,21.125,Prishtina,Europe/Berlin,21.8,10.3,19.8,0.0,0.0,0.0,100,14.3,170,28.1,0,11.0,0.0,0.0,2023-10-28 18:19:14.500106
2023-10-21 19:00:00,42.75,21.125,Prishtina,Europe/Berlin,21.1,10.0,19.0,0.0,0.0,0.0,100,14.8,167,28.4,0,0.0,0.0,0.0,2023-10-28 18:19:14.500106
2023-10-21 20:00:00,42.75,21.125,Prishtina,Europe/Berlin,21.0,9.3,18.6,0.0,0.0,0.0,100,15.1,162,28.4,0,0.0,0.0,0.0,2023-10-28 18:19:14.500106
2023-10-21 21:00:00,42.75,21.125,Prishtina,Europe/Berlin,20.6,8.9,18.2,0.0,0.0,0.0,100,14.2,173,29.5,0,0.0,0.0,0.0,2023-10-28 18:19:14.500106
2023-10-21 22:00:00,42.75,21.125,Prishtina,Europe/Berlin,20.3,8.6,17.6,0.0,0.0,0.0,92,15.3,171,30.2,0,0.0,0.0,0.0,2023-10-28 18:19:14.500106
2023-10-21 23:00:00,42.75,21.125,Prishtina,Europe/Berlin,20.0,7.7,17.8,0.0,0.0,0.0,100,11.2,182,30.2,0,0.0,0.0,0.0,2023-10-28 18:19:14.500106
2023-10-22 00:00:00,42.75,21.125,Prishtina,Europe/Berlin,19.7,8.4,17.6,0.0,0.0,0.0,100,11.5,194,28.4,0,0.0,0.0,0.0,2023-10-28 18:19:14.500106
2023-10-22 01:00:00,42.75,21.125,Prishtina,Europe/Berlin,18.4,9.2,16.8,0.0,0.0,0.0,87,9.9,226,24.8,0,0.0,0.0,0.0,2023-10-28 18:19:14.500106
2023-10-22 02:00:00,42.75,21.125,Prishtina,Europe/Berlin,17.0,12.3,17.0,0.0,0.0,0.0,100,4.7,203,20.5,0,0.0,0.0,0.0,2023-10-28 18:19:14.500106
2023-10-22 03:00:00,42.75,21.125,Prishtina,Europe/Berlin,16.4,12.0,16.7,0.0,0.0,0.0,100,1.9,292,7.9,0,0.0,0.0,0.0,2023-10-28 18:19:14.500106
2023-10-22 04:00:00,42.75,21.125,Prishtina,Europe/Berlin,15.5,13.5,16.1,0.0,0.0,0.0,100,3.3,319,7.2,0,0.0,0.0,0.0,2023-10-28 18:19:14.500106
2023-10-22 05:00:00,42.75,21.125,Prishtina,Europe/Berlin,14.8,12.4,15.3,0.0,0.0,0.0,100,1.5,256,6.1,0,0.0,0.0,0.0,2023-10-28 18:19:14.500106
2023-10-22 06:00:00,42.75,21.125,Prishtina,Europe/Berlin,14.3,12.7,14.7,0.0,0.0,0.0,100,3.1,249,6.5,0,0.0,0.0,0.0,2023-10-28 18:19:14.500106
2023-10-22 07:00:00,42.75,21.125,Prishtina,Europe/Berlin,14.5,12.2,14.8,0.0,0.0,0.0,100,2.7,247,7.9,1,0.0,0.0,0.0,2023-10-28 18:19:14.500106
2023-10-22 08:00:00,42.75,21.125,Prishtina,Europe/Berlin,15.4,11.5,15.2,0.0,0.0,0.0,100,4.3,185,6.5,1,44.0,6.0,12.1,2023-10-28 18:19:14.500106
2023-10-22 09:00:00,42.75,21.125,Prishtina,Europe/Berlin,17.9,11.7,17.4,0.0,0.0,0.0,34,6.9,189,15.1,1,186.0,102.0,132.7,2023-10-28 18:19:14.500106
2023-10-22 10:00:00,42.75,21.125,Prishtina,Europe/Berlin,19.6,12.1,18.5,0.0,0.0,0.0,37,11.9,194,24.5,1,322.0,208.0,239.5,2023-10-28 18:19:14.500106
2023-10-22 11:00:00,42.75,21.125,Prishtina,Europe/Berlin,20.3,11.8,19.1,0.0,0.0,0.0,33,12.2,208,26.3,1,462.0,336.0,362.3,2023-10-28 18:19:14.500106
2023-10-22 12:00:00,42.75,21.125,Prishtina,Europe/Berlin,21.7,12.0,20.0,0.0,0.0,0.0,51,15.7,212,31.3,1,488.0,324.0,333.3,2023-10-28 18:19:14.500106
2023-10-22 13:00:00,42.75,21.125,Prishtina,Europe/Berlin,22.7,12.0,20.1,0.0,0.0,0.0,64,21.8,231,42.1,1,468.0,310.0,305.7,2023-10-28 18:19:14.500106
2023-10-22 14:00:00,42.75,21.125,Prishtina,Europe/Berlin,23.1,11.8,20.4,0.0,0.0,0.0,69,22.1,236,44.3,1,424.0,267.0,251.5,2023-10-28 18:19:14.500106
2023-10-22 15:00:00,42.75,21.125,Prishtina,Europe/Berlin,23.2,11.2,20.4,0.0,0.0,0.0,24,21.2,238,42.8,1,374.0,254.0,225.1,2023-10-28 18:19:14.500106
2023-10-22 16:00:00,42.75,21.125,Prishtina,Europe/Berlin,22.6,10.7,20.0,0.0,0.0,0.0,90,19.7,235,41.0,1,291.0,206.0,164.1,2023-10-28 18:19:14.500106
2023-10-22 17:00:00,42.75,21.125,Prishtina,Europe/Berlin,21.6,9.8,19.3,0.0,0.0,0.0,0,15.0,228,37.4,1,139.0,78.0,44.9,2023-10-28 18:19:14.500106
2023-10-22 18:00:00,42.75,21.125,Prishtina,Europe/Berlin,19.4,10.1,18.1,0.0,0.0,0.0,2,9.0,209,27.7,0,18.0,6.0,0.0,2023-10-28 18:19:14.500106
2023-10-22 19:00:00,42.75,21.125,Prishtina,Europe/Berlin,17.6,10.9,17.0,0.0,0.0,0.0,20,5.8,184,17.3,0,0.0,0.0,0.0,2023-10-28 18:19:14.500106
2023-10-22 20:00:00,42.75,21.125,Prishtina,Europe/Berlin,16.4,11.1,16.3,0.0,0.0,0.0,43,3.4,162,11.5,0,0.0,0.0,0.0,2023-10-28 18:19:14.500106
2023-10-22 21:00:00,42.75,21.125,Prishtina,Europe/Berlin,15.5,11.4,15.5,0.0,0.0,0.0,49,2.6,124,7.2,0,0.0,0.0,0.0,2023-10-28 18:19:14.500106
2023-10-22 22:00:00,42.75,21.125,Prishtina,Europe/Berlin,15.2,11.6,15.3,0.0,0.0,0.0,94,2.9,97,5.8,0,0.0,0.0,0.0,2023-10-28 18:19:14.500106
2023-10-22 23:00:00,42.75,21.125,Prishtina,Europe/Berlin,15.4,12.0,15.8,0.0,0.0,0.0,100,1.3,146,5.8,0,0.0,0.0,0.0,2023-10-28 18:19:14.500106
2023-10-23 00:00:00,42.75,21.125,Prishtina,Europe/Berlin,15.1,11.6,15.5,0.0,0.0,0.0,100,0.5,315,2.9,0,0.0,0.0,0.0,2023-10-28 18:19:14.500106
2023-10-23 01:00:00,42.75,21.125,Prishtina,Europe/Berlin,14.2,11.7,14.4,0.0,0.0,0.0,100,1.8,323,1.8,0,0.0,0.0,0.0,2023-10-28 18:19:14.500106
2023-10-23 02:00:00,42.75,21.125,Prishtina,Europe/Berlin,14.2,11.7,14.4,0.0,0.0,0.0,98,2.2,9,1.8,0,0.0,0.0,0.0,2023-10-28 18:19:14.500106
2023-10-23 03:00:00,42.75,21.125,Prishtina,Europe/Berlin,13.8,11.5,14.1,0.0,0.0,0.0,100,0.7,360,2.2,0,0.0,0.0,0.0,2023-10-28 18:19:14.500106
2023-10-23 04:00:00,42.75,21.125,Prishtina,Europe/Berlin,13.3,11.5,13.7,0.0,0.0,0.0,85,0.4,270,1.1,0,0.0,0.0,0.0,2023-10-28 18:19:14.500106
2023-10-23 05:00:00,42.75,21.125,Prishtina,Europe/Berlin,12.6,10.8,12.8,0.0,0.0,0.0,80,0.7,270,1.1,0,0.0,0.0,0.0,2023-10-28 18:19:14.500106
2023-10-23 06:00:00,42.75,21.125,Prishtina,Europe/Berlin,11.9,10.8,12.0,0.0,0.0,0.0,80,1.0,315,1.8,0,0.0,0.0,0.0,2023-10-28 18:19:14.500106
2023-10-23 07:00:00,42.75,21.125,Prishtina,Europe/Berlin,10.9,10.4,10.8,0.0,0.0,0.0,51,1.6,333,2.5,1,0.0,0.0,0.0,2023-10-28 18:19:14.500106
2023-10-23 08:00:00,42.75,21.125,Prishtina,Europe/Berlin,11.0,10.8,11.1,0.0,0.0,0.0,83,0.5,45,3.2,1,49.0,16.0,33.1,2023-10-28 18:19:14.500106
2023-10-23 09:00:00,42.75,21.125,Prishtina,Europe/Berlin,13.9,11.1,14.1,0.0,0.0,0.0,1,1.1,270,4.3,1,195.0,121.0,157.9,2023-10-28 18:19:14.500106
2023-10-23 10:00:00,42.75,21.125,Prishtina,Europe/Berlin,17.1,11.2,16.9,0.0,0.0,0.0,0,3.6,264,9.4,1,351.0,263.0,303.1,2023-10-28 18:19:14.500106
2023-10-23 11:00:00,42.75,21.125,Prishtina,Europe/Berlin,19.0,11.3,18.6,0.0,0.0,0.0,1,5.4,250,13.3,1,478.0,381.0,411.1,2023-10-28 18:19:14.500106
2023-10-23 12:00:00,42.75,21.125,Prishtina,Europe/Berlin,20.5,11.4,19.8,0.0,0.0,0.0,3,7.9,246,17.6,1,554.0,453.0,466.0,2023-10-28 18:19:14.500106
2023-10-23 13:00:00,42.75,21.125,Prishtina,Europe/Berlin,21.9,8.8,20.2,0.0,0.0,0.0,2,10.4,256,20.9,1,579.0,482.0,475.2,2023-10-28 18:19:14.500106
2023-10-23 14:00:00,42.75,21.125,Prishtina,Europe/Berlin,23.0,6.3,20.6,0.0,0.0,0.0,1,9.6,257,21.2,1,544.0,452.0,425.5,2023-10-28 18:19:14.500106
2023-10-23 15:00:00,42.75,21.125,Prishtina,Europe/Berlin,22.9,5.8,20.6,0.0,0.0,0.0,0,8.9,256,20.2,1,450.0,367.0,324.9,2023-10-28 18:19:14.500106
2023-10-23 16:00:00,42.75,21.125,Prishtina,Europe/Berlin,22.5,5.8,20.3,0.0,0.0,0.0,6,7.6,262,18.0,1,311.0,238.0,189.0,2023-10-28 18:19:14.500106
2023-10-23 17:00:00,42.75,21.125,Prishtina,Europe/Berlin,21.8,6.0,19.9,0.0,0.0,0.0,12,5.7,252,15.1,1,145.0,92.0,52.0,2023-10-28 18:19:14.500106
2023-10-23 18:00:00,42.75,21.125,Prishtina,Europe/Berlin,19.5,6.9,18.2,0.0,0.0,0.0,0,3.4,238,9.7,0,18.0,6.0,0.0,2023-10-28 18:19:14.500106
2023-10-23 19:00:00,42.75,21.125,Prishtina,Europe/Berlin,18.0,7.4,17.2,0.0,0.0,0.0,3,1.1,252,5.0,0,0.0,0.0,0.0,2023-10-28 18:19:14.500106
2023-10-23 20:00:00,42.75,21.125,Prishtina,Europe/Berlin,16.4,7.6,15.6,0.0,0.0,0.0,48,1.6,117,4.0,0,0.0,0.0,0.0,2023-10-28 18:19:14.500106
2023-10-23 21:00:00,42.75,21.125,Prishtina,Europe/Berlin,15.2,7.2,14.1,0.0,0.0,0.0,31,2.6,124,3.6,0,0.0,0.0,0.0,2023-10-28 18:19:14.500106
2023-10-23 22:00:00,42.75,21.125,Prishtina,Europe/Berlin,14.2,7.5,13.2,0.0,0.0,0.0,13,2.5,90,4.0,0,0.0,0.0,0.0,2023-10-28 18:19:14.500106
2023-10-23 23:00:00,42.75,21.125,Prishtina,Europe/Berlin,12.4,8.1,11.3,0.0,0.0,0.0,0,3.9,68,5.8,0,0.0,0.0,0.0,2023-10-28 18:19:14.500106
2023-10-24 00:00:00,42.75,21.125,Prishtina,Europe/Berlin,11.6,8.5,10.7,0.0,0.0,0.0,0,3.5,66,6.8,0,0.0,0.0,0.0,2023-10-28 18:19:14.500106
2023-10-24 01:00:00,42.75,21.125,Prishtina,Europe/Berlin,11.4,8.3,10.7,0.0,0.0,0.0,0,1.9,68,6.5,0,0.0,0.0,0.0,2023-10-28 18:19:14.500106
2023-10-24 02:00:00,42.75,21.125,Prishtina,Europe/Berlin,11.5,8.0,10.8,0.0,0.0,0.0,0,1.4,90,4.3,0,0.0,0.0,0.0,2023-10-28 18:19:14.500106
2023-10-24 03:00:00,42.75,21.125,Prishtina,Europe/Berlin,11.3,7.7,10.6,0.0,0.0,0.0,31,0.7,180,3.6,0,0.0,0.0,0.0,2023-10-28 18:19:14.500106
2023-10-24 04:00:00,42.75,21.125,Prishtina,Europe/Berlin,10.5,7.9,9.7,0.0,0.0,0.0,100,1.3,236,3.2,0,0.0,0.0,0.0,2023-10-28 18:19:14.500106
2023-10-24 05:00:00,42.75,21.125,Prishtina,Europe/Berlin,9.8,8.1,9.1,0.0,0.0,0.0,100,1.5,194,3.2,0,0.0,0.0,0.0,2023-10-28 18:19:14.500106
2023-10-24 06:00:00,42.75,21.125,Prishtina,Europe/Berlin,9.2,7.9,8.4,0.0,0.0,0.0,82,1.3,214,2.9,0,0.0,0.0,0.0,2023-10-28 18:19:14.500106
2023-10-24 07:00:00,42.75,21.125,Prishtina,Europe/Berlin,8.7,7.9,7.9,0.0,0.0,0.0,87,1.6,243,2.9,1,0.0,0.0,0.0,2023-10-28 18:19:14.500106
2023-10-24 08:00:00,42.75,21.125,Prishtina,Europe/Berlin,9.0,8.4,8.4,0.0,0.0,0.0,98,1.0,225,2.2,1,44.0,9.0,19.1,2023-10-28 18:19:14.500106
2023-10-24 09:00:00,42.75,21.125,Prishtina,Europe/Berlin,11.7,8.7,11.0,0.0,0.0,0.0,100,2.3,252,5.8,1,167.0,67.0,87.7,2023-10-28 18:19:14.500106
2023-10-24 10:00:00,42.75,21.125,Prishtina,Europe/Berlin,14.9,8.6,13.9,0.0,0.0,0.0,100,4.0,243,9.7,1,292.0,134.0,154.6,2023-10-28 18:19:14.500106
2023-10-24 11:00:00,42.75,21.125,Prishtina,Europe/Berlin,16.8,9.0,15.8,0.0,0.0,0.0,100,4.8,228,12.2,1,372.0,151.0,163.0,2023-10-28 18:19:14.500106
2023-10-24 12:00:00,42.75,21.125,Prishtina,Europe/Berlin,18.5,7.9,16.8,0.0,0.0,0.0,100,7.7,217,16.2,1,427.0,186.0,191.4,2023-10-28 18:19:14.500106
2023-10-24 13:00:00,42.75,21.125,Prishtina,Europe/Berlin,19.7,7.7,17.9,0.0,0.0,0.0,100,8.1,212,17.3,1,452.0,214.0,210.9,2023-10-28 18:19:14.500106
2023-10-24 14:00:00,42.75,21.125,Prishtina,Europe/Berlin,21.0,7.3,18.9,0.0,0.0,0.0,100,9.7,202,19.4,1,402.0,156.0,146.8,2023-10-28 18:19:14.500106
2023-10-24 15:00:00,42.75,21.125,Prishtina,Europe/Berlin,21.4,8.0,19.3,0.0,0.0,0.0,100,10.9,197,21.6,1,358.0,166.0,146.8,2023-10-28 18:19:14.500106
2023-10-24 16:00:00,42.75,21.125,Prishtina,Europe/Berlin,21.4,7.9,19.0,0.0,0.0,0.0,70,12.4,197,24.1,1,264.0,144.0,113.9,2023-10-28 18:19:14.500106
2023-10-24 17:00:00,42.75,21.125,Prishtina,Europe/Berlin,20.8,7.8,18.7,0.0,0.0,0.0,81,10.5,186,24.1,1,133.0,73.0,40.5,2023-10-28 18:19:14.500106
2023-10-24 18:00:00,42.75,21.125,Prishtina,Europe/Berlin,18.7,7.4,17.0,0.0,0.0,0.0,100,6.8,183,20.2,0,15.0,4.0,0.0,2023-10-28 18:19:14.500106
2023-10-24 19:00:00,42.75,21.125,Prishtina,Europe/Berlin,17.2,7.0,15.6,0.0,0.0,0.0,100,5.7,198,13.3,0,0.0,0.0,0.0,2023-10-28 18:19:14.500106
2023-10-24 20:00:00,42.75,21.125,Prishtina,Europe/Berlin,16.8,7.9,15.3,0.0,0.0,0.0,100,6.1,183,11.9,0,0.0,0.0,0.0,2023-10-28 18:19:14.500106
2023-10-24 21:00:00,42.75,21.125,Prishtina,Europe/Berlin,15.9,8.4,14.7,0.0,0.0,0.0,100,5.4,200,11.2,0,0.0,0.0,0.0,2023-10-28 18:19:14.500106
2023-10-24 22:00:00,42.75,21.125,Prishtina,Europe/Berlin,15.0,8.9,14.0,0.0,0.0,0.0,100,4.5,209,11.2,0,0.0,0.0,0.0,2023-10-28 18:19:14.500106
2023-10-24 23:00:00,42.75,21.125,Prishtina,Europe/Berlin,15.3,9.0,14.2,0.0,0.0,0.0,100,5.6,195,10.8,0,0.0,0.0,0.0,2023-10-28 18:19:14.500106
2023-10-25 00:00:00,42.75,21.125,Prishtina,Europe/Berlin,15.7,8.7,14.3,0.0,0.0,0.0,100,7.2,183,15.1,0,0.0,0.0,0.0,2023-10-28 18:19:14.500106
2023-10-25 01:00:00,42.75,21.125,Prishtina,Europe/Berlin,17.0,6.5,13.8,0.0,0.0,0.0,100,15.3,214,28.4,0,0.0,0.0,0.0,2023-10-28 18:19:14.500106
2023-10-25 02:00:00,42.75,21.125,Prishtina,Europe/Berlin,17.5,6.7,13.8,0.0,0.0,0.0,100,19.8,209,46.1,0,0.0,0.0,0.0,2023-10-28 18:19:14.500106
2023-10-25 03:00:00,42.75,21.125,Prishtina,Europe/Berlin,17.4,6.8,14.3,0.0,0.0,0.0,100,15.7,196,36.7,0,0.0,0.0,0.0,2023-10-28 18:19:14.500106
2023-10-25 04:00:00,42.75,21.125,Prishtina,Europe/Berlin,17.6,5.8,14.3,0.0,0.0,0.0,100,15.2,184,31.7,0,0.0,0.0,0.0,2023-10-28 18:19:14.500106
2023-10-25 05:00:00,42.75,21.125,Prishtina,Europe/Berlin,18.0,6.2,15.1,0.0,0.0,0.0,100,13.1,189,28.4,0,0.0,0.0,0.0,2023-10-28 18:19:14.500106
2023-10-25 06:00:00,42.75,21.125,Prishtina,Europe/Berlin,17.9,7.3,15.4,0.0,0.0,0.0,100,12.1,190,24.8,0,0.0,0.0,0.0,2023-10-28 18:19:14.500106
2023-10-25 07:00:00,42.75,21.125,Prishtina,Europe/Berlin,17.7,9.8,15.9,0.0,0.0,0.0,100,12.1,207,22.7,0,0.0,0.0,0.0,2023-10-28 18:19:14.500106
2023-10-25 08:00:00,42.75,21.125,Prishtina,Europe/Berlin,18.0,10.3,16.6,0.0,0.0,0.0,100,10.3,216,25.6,1,27.0,0.0,0.0,2023-10-28 18:19:14.500106
2023-10-25 09:00:00,42.75,21.125,Prishtina,Europe/Berlin,19.1,11.2,17.1,0.0,0.0,0.0,100,16.1,231,29.5,1,85.0,0.0,0.0,2023-10-28 18:19:14.500106
2023-10-25 10:00:00,42.75,21.125,Prishtina,Europe/Berlin,19.7,11.7,17.3,0.0,0.0,0.0,100,20.5,242,37.4,1,144.0,5.0,5.8,2023-10-28 18:19:14.500106
2023-10-25 11:00:00,42.75,21.125,Prishtina,Europe/Berlin,20.2,12.2,17.9,0.0,0.0,0.0,100,20.3,237,41.0,1,186.0,19.0,20.5,2023-10-28 18:19:14.500106
2023-10-25 12:00:00,42.75,21.125,Prishtina,Europe/Berlin,20.3,12.0,17.3,0.0,0.0,0.0,100,24.3,230,45.7,1,198.0,13.0,13.4,2023-10-28 18:19:14.500106
2023-10-25 13:00:00,42.75,21.125,Prishtina,Europe/Berlin,20.1,11.5,17.3,0.0,0.0,0.0,100,22.3,236,45.7,1,153.0,2.0,2.0,2023-10-28 18:19:14.500106
2023-10-25 14:00:00,42.75,21.125,Prishtina,Europe/Berlin,20.0,11.7,17.5,0.0,0.0,0.0,100,20.2,230,45.4,1,168.0,1.0,0.9,2023-10-28 18:19:14.500106
2023-10-25 15:00:00,42.75,21.125,Prishtina,Europe/Berlin,19.6,11.8,17.4,0.0,0.0,0.0,100,18.6,227,40.0,1,144.0,1.0,0.9,2023-10-28 18:19:14.500106
2023-10-25 16:00:00,42.75,21.125,Prishtina,Europe/Berlin,19.4,12.1,16.8,0.0,0.0,0.0,100,22.4,222,42.5,1,134.0,0.0,0.0,2023-10-28 18:19:14.500106
2023-10-25 17:00:00,42.75,21.125,Prishtina,Europe/Berlin,16.7,13.6,16.0,0.2,0.1,0.0,100,12.6,177,42.8,1,37.0,0.0,0.0,2023-10-28 18:19:14.500106
2023-10-25 18:00:00,42.75,21.125,Prishtina,Europe/Berlin,15.8,13.4,15.7,1.4,1.2,0.0,100,7.8,167,27.7,0,2.0,0.0,0.0,2023-10-28 18:19:14.500106
2023-10-25 19:00:00,42.75,21.125,Prishtina,Europe/Berlin,16.0,12.9,15.9,0.3,0.3,0.0,100,6.8,183,16.2,0,0.0,0.0,0.0,2023-10-28 18:19:14.500106
2023-10-25 20:00:00,42.75,21.125,Prishtina,Europe/Berlin,16.1,12.7,15.6,0.2,0.2,0.0,100,9.0,178,14.4,0,0.0,0.0,0.0,2023-10-28 18:19:14.500106
2023-10-25 21:00:00,42.75,21.125,Prishtina,Europe/Berlin,16.1,12.1,14.9,0.0,0.0,0.0,100,12.7,188,24.8,0,0.0,0.0,0.0,2023-10-28 18:19:14.500106
2023-10-25 22:00:00,42.75,21.125,Prishtina,Europe/Berlin,16.0,11.9,14.8,0.0,0.0,0.0,100,12.1,203,27.0,0,0.0,0.0,0.0,2023-10-28 18:19:14.500106
2023-10-25 23:00:00,42.75,21.125,Prishtina,Europe/Berlin,15.0,11.8,14.5,0.0,0.0,0.0,96,7.4,194,23.0,0,0.0,0.0,0.0,2023-10-28 18:19:14.500106
2023-10-26 00:00:00,42.75,21.125,Prishtina,Europe/Berlin,14.8,11.5,14.1,0.0,0.0,0.0,55,7.8,193,17.3,0,0.0,0.0,0.0,2023-10-28 18:19:14.500106
2023-10-26 01:00:00,42.75,21.125,Prishtina,Europe/Berlin,14.4,11.4,13.8,0.0,0.0,0.0,45,7.3,200,16.6,0,0.0,0.0,0.0,2023-10-28 18:19:14.500106
2023-10-26 02:00:00,42.75,21.125,Prishtina,Europe/Berlin,14.0,11.5,13.6,0.0,0.0,0.0,31,5.9,191,14.8,0,0.0,0.0,0.0,2023-10-28 18:19:14.500106
2023-10-26 03:00:00,42.75,21.125,Prishtina,Europe/Berlin,13.6,11.0,13.2,0.0,0.0,0.0,18,5.2,192,12.2,0,0.0,0.0,0.0,2023-10-28 18:19:14.500106
2023-10-26 04:00:00,42.75,21.125,Prishtina,Europe/Berlin,13.5,10.6,13.0,0.0,0.0,0.0,100,4.7,203,11.2,0,0.0,0.0,0.0,2023-10-28 18:19:14.500106
2023-10-26 05:00:00,42.75,21.125,Prishtina,Europe/Berlin,12.8,10.6,12.4,0.0,0.0,0.0,100,4.0,185,10.4,0,0.0,0.0,0.0,2023-10-28 18:19:14.500106
2023-10-26 06:00:00,42.75,21.125,Prishtina,Europe/Berlin,12.3,10.4,12.0,0.0,0.0,0.0,69,3.3,174,9.7,0,0.0,0.0,0.0,2023-10-28 18:19:14.500106
2023-10-26 07:00:00,42.75,21.125,Prishtina,Europe/Berlin,11.8,9.8,11.1,0.0,0.0,0.0,48,4.3,180,9.0,0,0.0,0.0,0.0,2023-10-28 18:19:14.500106
2023-10-26 08:00:00,42.75,21.125,Prishtina,Europe/Berlin,12.6,10.7,12.2,0.0,0.0,0.0,87,4.0,175,10.4,1,38.0,11.0,23.8,2023-10-28 18:19:14.500106
2023-10-26 09:00:00,42.75,21.125,Prishtina,Europe/Berlin,15.0,11.4,14.7,0.0,0.0,0.0,21,5.2,192,11.5,1,157.0,79.0,104.2,2023-10-28 18:19:14.500106
2023-10-26 10:00:00,42.75,21.125,Prishtina,Europe/Berlin,16.4,11.8,15.7,0.0,0.0,0.0,100,8.6,202,17.6,1,321.0,216.0,249.9,2023-10-28 18:19:14.500106
2023-10-26 11:00:00,42.75,21.125,Prishtina,Europe/Berlin,18.0,11.3,16.3,0.0,0.0,0.0,100,14.4,217,31.7,1,372.0,164.0,177.2,2023-10-28 18:19:14.500106
2023-10-26 12:00:00,42.75,21.125,Prishtina,Europe/Berlin,19.1,10.1,16.1,0.0,0.0,0.0,52,20.9,229,40.0,1,410.0,209.0,215.1,2023-10-28 18:19:14.500106
2023-10-26 13:00:00,42.75,21.125,Prishtina,Europe/Berlin,19.7,9.8,16.2,0.0,0.0,0.0,33,23.6,232,45.4,1,498.0,344.0,338.9,2023-10-28 18:19:14.500106
2023-10-26 14:00:00,42.75,21.125,Prishtina,Europe/Berlin,20.4,8.7,16.6,0.0,0.0,0.0,13,23.5,234,45.7,1,460.0,314.0,295.1,2023-10-28 18:19:14.500106
2023-10-26 15:00:00,42.75,21.125,Prishtina,Europe/Berlin,20.2,9.1,16.3,0.0,0.0,0.0,11,25.0,237,48.2,1,379.0,257.0,226.6,2023-10-28 18:19:14.500106
2023-10-26 16:00:00,42.75,21.125,Prishtina,Europe/Berlin,19.2,9.4,15.7,0.0,0.0,0.0,78,22.8,232,48.6,1,269.0,175.0,137.5,2023-10-28 18:19:14.500106
2023-10-26 17:00:00,42.75,21.125,Prishtina,Europe/Berlin,18.3,9.9,15.3,0.0,0.0,0.0,100,20.2,229,43.6,1,106.0,39.0,20.8,2023-10-28 18:19:14.500106
2023-10-26 18:00:00,42.75,21.125,Prishtina,Europe/Berlin,17.0,10.3,14.8,0.0,0.0,0.0,100,15.5,228,38.2,0,10.0,1.0,0.0,2023-10-28 18:19:14.500106
2023-10-26 19:00:00,42.75,21.125,Prishtina,Europe/Berlin,16.2,10.5,14.7,0.0,0.0,0.0,100,11.5,229,29.5,0,0.0,0.0,0.0,2023-10-28 18:19:14.500106
2023-10-26 20:00:00,42.75,21.125,Prishtina,Europe/Berlin,15.7,10.6,15.0,0.0,0.0,0.0,100,5.7,215,22.0,0,0.0,0.0,0.0,2023-10-28 18:19:14.500106
2023-10-26 21:00:00,42.75,21.125,Prishtina,Europe/Berlin,14.8,10.6,14.5,0.0,0.0,0.0,100,3.6,180,11.9,0,0.0,0.0,0.0,2023-10-28 18:19:14.500106
2023-10-26 22:00:00,42.75,21.125,Prishtina,Europe/Berlin,14.2,10.6,14.0,0.0,0.0,0.0,100,2.5,172,8.6,0,0.0,0.0,0.0,2023-10-28 18:19:14.500106
2023-10-26 23:00:00,42.75,21.125,Prishtina,Europe/Berlin,13.5,10.5,13.3,0.0,0.0,0.0,40,2.7,157,7.2,0,0.0,0.0,0.0,2023-10-28 18:19:14.500106
2023-10-27 00:00:00,42.75,21.125,Prishtina,Europe/Berlin,13.1,10.1,12.7,0.0,0.0,0.0,88,2.8,140,7.6,0,0.0,0.0,0.0,2023-10-28 18:19:14.500106
2023-10-27 01:00:00,42.75,21.125,Prishtina,Europe/Berlin,12.7,10.1,12.4,0.0,0.0,0.0,99,2.4,153,6.8,0,0.0,0.0,0.0,2023-10-28 18:19:14.500106
2023-10-27 02:00:00,42.75,21.125,Prishtina,Europe/Berlin,12.9,10.1,12.5,0.0,0.0,0.0,100,3.4,162,7.2,0,0.0,0.0,0.0,2023-10-28 18:19:14.500106
2023-10-27 03:00:00,42.75,21.125,Prishtina,Europe/Berlin,13.0,9.6,12.3,0.0,0.0,0.0,83,4.0,185,8.3,0,0.0,0.0,0.0,2023-10-28 18:19:14.500106
2023-10-27 04:00:00,42.75,21.125,Prishtina,Europe/Berlin,13.1,9.7,12.5,0.0,0.0,0.0,95,4.0,207,9.4,0,0.0,0.0,0.0,2023-10-28 18:19:14.500106
2023-10-27 05:00:00,42.75,21.125,Prishtina,Europe/Berlin,14.1,8.9,13.1,0.0,0.0,0.0,100,5.1,184,8.6,0,0.0,0.0,0.0,2023-10-28 18:19:14.500106
2023-10-27 06:00:00,42.75,21.125,Prishtina,Europe/Berlin,14.5,8.8,13.3,0.0,0.0,0.0,90,6.2,187,12.6,0,0.0,0.0,0.0,2023-10-28 18:19:14.500106
2023-10-27 07:00:00,42.75,21.125,Prishtina,Europe/Berlin,14.9,9.4,13.5,0.0,0.0,0.0,81,8.4,190,16.9,0,0.0,0.0,0.0,2023-10-28 18:19:14.500106
2023-10-27 08:00:00,42.75,21.125,Prishtina,Europe/Berlin,15.5,9.8,13.9,0.0,0.0,0.0,98,10.1,184,22.0,1,33.0,5.0,10.9,2023-10-28 18:19:14.500106
2023-10-27 09:00:00,42.75,21.125,Prishtina,Europe/Berlin,16.9,10.5,15.0,0.0,0.0,0.0,94,13.6,192,27.0,1,117.0,13.0,17.2,2023-10-28 18:19:14.500106
2023-10-27 10:00:00,42.75,21.125,Prishtina,Europe/Berlin,18.9,10.7,15.9,0.0,0.0,0.0,35,22.1,206,42.5,1,259.0,119.0,137.9,2023-10-28 18:19:14.500106
2023-10-27 11:00:00,42.75,21.125,Prishtina,Europe/Berlin,19.8,10.8,16.9,0.0,0.0,0.0,100,21.9,205,46.8,1,418.0,280.0,302.7,2023-10-28 18:19:14.500106
2023-10-27 12:00:00,42.75,21.125,Prishtina,Europe/Berlin,19.9,10.9,16.5,0.0,0.0,0.0,100,25.5,211,49.0,1,259.0,19.0,19.6,2023-10-28 18:19:14.500106
2023-10-27 13:00:00,42.75,21.125,Prishtina,Europe/Berlin,20.0,10.4,15.1,0.0,0.0,0.0,100,34.4,222,70.2,1,225.0,7.0,6.9,2023-10-28 18:19:14.500106
2023-10-27 14:00:00,42.75,21.125,Prishtina,Europe/Berlin,20.1,10.5,17.2,0.1,0.1,0.0,100,20.9,209,69.5,1,144.0,1.0,0.9,2023-10-28 18:19:14.500106
2023-10-27 15:00:00,42.75,21.125,Prishtina,Europe/Berlin,19.2,11.3,17.2,0.1,0.1,0.0,100,16.5,200,43.9,1,142.0,25.0,22.0,2023-10-28 18:19:14.500106
2023-10-27 16:00:00,42.75,21.125,Prishtina,Europe/Berlin,19.6,11.6,16.4,0.0,0.0,0.0,100,24.7,217,47.9,1,124.0,20.0,15.7,2023-10-28 18:19:14.500106
2023-10-27 17:00:00,42.75,21.125,Prishtina,Europe/Berlin,19.5,11.5,16.7,0.0,0.0,0.0,100,21.7,209,48.2,1,49.0,1.0,0.5,2023-10-28 18:19:14.500106
2023-10-27 18:00:00,42.75,21.125,Prishtina,Europe/Berlin,17.3,13.2,15.8,0.7,0.6,0.0,100,16.9,196,43.2,0,2.0,0.0,0.0,2023-10-28 18:19:14.500106
2023-10-27 19:00:00,42.75,21.125,Prishtina,Europe/Berlin,17.1,12.8,15.9,0.0,0.0,0.0,98,14.7,205,33.1,0,0.0,0.0,0.0,2023-10-28 18:19:14.500106
2023-10-27 20:00:00,42.75,21.125,Prishtina,Europe/Berlin,17.5,12.4,16.6,0.0,0.0,0.0,100,10.9,197,29.2,0,0.0,0.0,0.0,2023-10-28 18:19:14.500106
2023-10-27 21:00:00,42.75,21.125,Prishtina,Europe/Berlin,17.4,12.7,16.6,0.0,0.0,0.0,100,11.2,201,23.0,0,0.0,0.0,0.0,2023-10-28 18:19:14.500106
2023-10-27 22:00:00,42.75,21.125,Prishtina,Europe/Berlin,17.2,13.5,16.5,0.0,0.0,0.0,99,12.1,217,23.4,0,0.0,0.0,0.0,2023-10-28 18:19:14.500106
2023-10-27 23:00:00,42.75,21.125,Prishtina,Europe/Berlin,17.3,13.4,16.8,0.0,0.0,0.0,79,10.4,214,23.4,0,0.0,0.0,0.0,2023-10-28 18:19:14.500106
2023-10-28 00:00:00,42.75,21.125,Prishtina,Europe/Berlin,17.1,13.0,16.6,0.0,0.0,0.0,74,9.9,213,20.5,0,0.0,0.0,0.0,2023-10-28 18:19:14.500106
2023-10-28 01:00:00,42.75,21.125,Prishtina,Europe/Berlin,16.6,12.8,16.3,0.0,0.0,0.0,60,8.3,214,19.8,0,0.0,0.0,0.0,2023-10-28 18:19:14.500106
2023-10-28 02:00:00,42.75,21.125,Prishtina,Europe/Berlin,16.0,12.0,15.2,0.0,0.0,0.0,36,9.7,211,16.9,0,0.0,0.0,0.0,2023-10-28 18:19:14.500106
2023-10-28 03:00:00,42.75,21.125,Prishtina,Europe/Berlin,15.5,12.1,15.1,0.0,0.0,0.0,34,7.4,209,16.9,0,0.0,0.0,0.0,2023-10-28 18:19:14.500106
2023-10-28 04:00:00,42.75,21.125,Prishtina,Europe/Berlin,15.0,12.0,14.7,0.0,0.0,0.0,31,6.2,216,14.8,0,0.0,0.0,0.0,2023-10-28 18:19:14.500106
2023-10-28 05:00:00,42.75,21.125,Prishtina,Europe/Berlin,14.3,11.4,14.2,0.0,0.0,0.0,22,3.7,191,12.2,0,0.0,0.0,0.0,2023-10-28 18:19:14.500106
2023-10-28 06:00:00,42.75,21.125,Prishtina,Europe/Berlin,13.7,11.2,13.6,0.0,0.0,0.0,18,2.9,173,9.0,0,0.0,0.0,0.0,2023-10-28 18:19:14.500106
2023-10-28 07:00:00,42.75,21.125,Prishtina,Europe/Berlin,13.1,10.6,13.0,0.0,0.0,0.0,8,1.8,180,7.2,0,0.0,0.0,0.0,2023-10-28 18:19:14.500106
2023-10-28 08:00:00,42.75,21.125,Prishtina,Europe/Berlin,13.3,11.1,13.3,0.0,0.0,0.0,10,2.2,171,5.8,1,39.0,16.0,34.8,2023-10-28 18:19:14.500106
2023-10-28 09:00:00,42.75,21.125,Prishtina,Europe/Berlin,15.9,12.1,16.0,0.0,0.0,0.0,23,3.7,209,8.3,1,180.0,113.0,150.2,2023-10-28 18:19:14.500106
2023-10-28 10:00:00,42.75,21.125,Prishtina,Europe/Berlin,18.4,10.5,15.4,0.0,0.0,0.0,37,22.0,235,42.1,1,312.0,205.0,237.8,2023-10-28 18:19:14.500106
2023-10-28 11:00:00,42.75,21.125,Prishtina,Europe/Berlin,19.2,8.8,15.1,0.0,0.0,0.0,17,25.9,231,52.9,1,444.0,326.0,352.7,2023-10-28 18:19:14.500106
2023-10-28 12:00:00,42.75,21.125,Prishtina,Europe/Berlin,19.9,8.5,15.4,0.0,0.0,0.0,17,28.1,229,54.7,1,521.0,396.0,407.6,2023-10-28 18:19:14.500106
2023-10-28 13:00:00,42.75,21.125,Prishtina,Europe/Berlin,20.5,7.8,15.9,0.0,0.0,0.0,77,27.2,231,55.1,1,542.0,425.0,418.6,2023-10-28 18:19:14.500106
2023-10-28 14:00:00,42.75,21.125,Prishtina,Europe/Berlin,21.6,6.3,17.3,0.0,0.0,0.0,87,23.4,236,52.2,1,498.0,384.0,360.5,2023-10-28 18:19:14.500106
2023-10-28 15:00:00,42.75,21.125,Prishtina,Europe/Berlin,21.0,7.3,16.9,0.0,0.0,0.0,59,23.4,233,49.0,1,328.0,181.0,159.2,2023-10-28 18:19:14.500106
2023-10-28 16:00:00,42.75,21.125,Prishtina,Europe/Berlin,20.5,8.2,16.7,0.0,0.0,0.0,15,22.8,231,45.7,1,247.0,155.0,120.9,2023-10-28 18:19:14.500106
2023-10-28 17:00:00,42.75,21.125,Prishtina,Europe/Berlin,19.0,8.0,15.4,0.0,0.0,0.0,0,20.9,226,44.6,1,123.0,74.0,37.7,2023-10-28 18:19:14.500106
2023-10-28 18:00:00,42.75,21.125,Prishtina,Europe/Berlin,17.0,7.6,14.3,0.0,0.0,0.0,1,14.3,223,39.6,0,11.0,3.0,0.0,2023-10-28 18:19:14.500106
2023-10-28 19:00:00,42.75,21.125,Prishtina,Europe/Berlin,15.6,8.1,14.0,0.0,0.0,0.0,0,7.7,217,27.0,0,0.0,0.0,0.0,2023-10-28 18:19:14.500106
2023-10-28 20:00:00,42.75,21.125,Prishtina,Europe/Berlin,14.5,8.5,13.8,0.0,0.0,0.0,0,2.0,225,15.1,0,0.0,0.0,0.0,2023-10-28 18:19:14.500106
2023-10-28 21:00:00,42.75,21.125,Prishtina,Europe/Berlin,14.2,8.3,13.6,0.0,0.0,0.0,0,1.0,315,4.7,0,0.0,0.0,0.0,2023-10-28 18:19:14.500106
2023-10-28 22:00:00,42.75,21.125,Prishtina,Europe/Berlin,13.6,8.2,13.0,0.0,0.0,0.0,0,0.8,333,4.0,0,0.0,0.0,0.0,2023-10-28 18:19:14.500106
2023-10-28 23:00:00,42.75,21.125,Prishtina,Europe/Berlin,13.1,7.9,12.4,0.0,0.0,0.0,0,0.5,315,3.6,0,0.0,0.0,0.0,2023-10-28 18:19:14.500106
2023-10-29 00:00:00,42.75,21.125,Prishtina,Europe/Berlin,12.7,7.7,12.0,0.0,0.0,0.0,0,0.8,207,2.9,0,0.0,0.0,0.0,2023-10-28 18:19:14.500106
2023-10-29 01:00:00,42.75,21.125,Prishtina,Europe/Berlin,12.1,7.6,11.4,0.0,0.0,0.0,0,0.5,45,3.2,0,0.0,0.0,0.0,2023-10-28 18:19:14.500106
2023-10-29 02:00:00,42.75,21.125,Prishtina,Europe/Berlin,11.3,7.6,10.5,0.0,0.0,0.0,0,1.5,45,3.2,0,0.0,0.0,0.0,2023-10-28 18:19:14.500106
2023-10-29 03:00:00,42.75,21.125,Prishtina,Europe/Berlin,10.7,7.7,10.0,0.0,0.0,0.0,0,0.7,90,3.2,0,0.0,0.0,0.0,2023-10-28 18:19:14.500106
2023-10-29 04:00:00,42.75,21.125,Prishtina,Europe/Berlin,9.9,8.0,9.2,0.0,0.0,0.0,0,0.8,297,2.2,0,0.0,0.0,0.0,2023-10-28 18:19:14.500106
2023-10-29 05:00:00,42.75,21.125,Prishtina,Europe/Berlin,9.0,8.2,8.4,0.0,0.0,0.0,0,0.8,243,1.4,0,0.0,0.0,0.0,2023-10-28 18:19:14.500106
2023-10-29 06:00:00,42.75,21.125,Prishtina,Europe/Berlin,8.2,8.2,7.5,0.0,0.0,0.0,34,1.8,349,3.2,0,0.0,0.0,0.0,2023-10-28 18:19:14.500106
2023-10-29 07:00:00,42.75,21.125,Prishtina,Europe/Berlin,7.9,7.9,7.2,0.0,0.0,0.0,59,0.7,180,2.5,0,0.0,0.0,0.0,2023-10-28 18:19:14.500106
2023-10-29 08:00:00,42.75,21.125,Prishtina,Europe/Berlin,8.0,8.0,7.3,0.0,0.0,0.0,75,1.0,315,2.2,1,34.0,8.0,17.5,2023-10-28 18:19:14.500106
2023-10-29 09:00:00,42.75,21.125,Prishtina,Europe/Berlin,9.8,8.8,9.3,0.0,0.0,0.0,48,1.3,236,5.0,1,160.0,74.0,98.8,2023-10-28 18:19:14.500106
2023-10-29 10:00:00,42.75,21.125,Prishtina,Europe/Berlin,13.7,9.0,13.1,0.0,0.0,0.0,0,2.0,225,6.1,1,321.0,225.0,261.4,2023-10-28 18:19:14.500106
2023-10-29 11:00:00,42.75,21.125,Prishtina,Europe/Berlin,16.7,8.7,15.9,0.0,0.0,0.0,0,3.1,234,8.6,1,448.0,355.0,384.2,2023-10-28 18:19:14.500106
2023-10-29 12:00:00,42.75,21.125,Prishtina,Europe/Berlin,18.4,8.9,17.4,0.0,0.0,0.0,0,4.7,238,12.6,1,524.0,428.0,440.7,2023-10-28 18:19:14.500106
2023-10-29 13:00:00,42.75,21.125,Prishtina,Europe/Berlin,19.6,9.1,18.6,0.0,0.0,0.0,0,5.2,205,13.7,1,544.0,448.0,441.2,2023-10-28 18:19:14.500106
2023-10-29 14:00:00,42.75,21.125,Prishtina,Europe/Berlin,20.4,9.3,19.3,0.0,0.0,0.0,3,5.9,223,14.8,1,506.0,412.0,386.5,2023-10-28 18:19:14.500106
2023-10-29 15:00:00,42.75,21.125,Prishtina,Europe/Berlin,20.6,9.2,19.5,0.0,0.0,0.0,7,5.6,207,14.0,1,412.0,325.0,285.4,2023-10-28 18:19:14.500106
2023-10-29 16:00:00,42.75,21.125,Prishtina,Europe/Berlin,20.2,9.1,19.1,0.0,0.0,0.0,3,5.5,191,12.2,1,276.0,202.0,156.9,2023-10-28 18:19:14.500106
2023-10-29 17:00:00,42.75,21.125,Prishtina,Europe/Berlin,18.9,9.6,18.0,0.0,0.0,0.0,0,5.2,192,11.2,1,119.0,71.0,35.3,2023-10-28 18:19:14.500106
2023-10-29 18:00:00,42.75,21.125,Prishtina,Europe/Berlin,16.6,10.2,16.2,0.0,0.0,0.0,0,2.9,187,9.0,0,10.0,3.0,0.0,2023-10-28 18:19:14.500106
2023-10-29 19:00:00,42.75,21.125,Prishtina,Europe/Berlin,14.5,9.9,13.9,0.0,0.0,0.0,0,3.6,127,5.8,0,0.0,0.0,0.0,2023-10-28 18:19:14.500106
2023-10-29 20:00:00,42.75,21.125,Prishtina,Europe/Berlin,12.5,9.3,11.9,0.0,0.0,0.0,0,3.3,103,5.8,0,0.0,0.0,0.0,2023-10-28 18:19:14.500106
2023-10-29 21:00:00,42.75,21.125,Prishtina,Europe/Berlin,11.2,8.6,10.4,0.0,0.0,0.0,0,2.9,90,6.1,0,0.0,0.0,0.0,2023-10-28 18:19:14.500106
2023-10-29 22:00:00,42.75,21.125,Prishtina,Europe/Berlin,10.5,7.9,9.5,0.0,0.0,0.0,0,2.9,83,5.4,0,0.0,0.0,0.0,2023-10-28 18:19:14.500106
2023-10-29 23:00:00,42.75,21.125,Prishtina,Europe/Berlin,10.0,7.3,8.9,0.0,0.0,0.0,0,2.6,74,5.0,0,0.0,0.0,0.0,2023-10-28 18:19:14.500106
2023-10-30 00:00:00,42.75,21.125,Prishtina,Europe/Berlin,9.5,6.7,8.2,0.0,0.0,0.0,0,2.9,83,4.7,0,0.0,0.0,0.0,2023-10-28 18:19:14.500106
2023-10-30 01:00:00,42.75,21.125,Prishtina,Europe/Berlin,9.0,6.6,7.8,0.0,0.0,0.0,0,2.2,90,4.7,0,0.0,0.0,0.0,2023-10-28 18:19:14.500106
2023-10-30 02:00:00,42.75,21.125,Prishtina,Europe/Berlin,8.7,6.4,7.5,0.0,0.0,0.0,0,1.5,76,2.9,0,0.0,0.0,0.0,2023-10-28 18:19:14.500106
2023-10-30 03:00:00,42.75,21.125,Prishtina,Europe/Berlin,8.4,6.3,7.2,0.0,0.0,0.0,0,1.5,104,2.2,0,0.0,0.0,0.0,2023-10-28 18:19:14.500106
2023-10-30 04:00:00,42.75,21.125,Prishtina,Europe/Berlin,8.0,6.1,6.8,0.0,0.0,0.0,0,1.6,117,2.5,0,0.0,0.0,0.0,2023-10-28 18:19:14.500106
2023-10-30 05:00:00,42.75,21.125,Prishtina,Europe/Berlin,7.5,6.3,6.5,0.0,0.0,0.0,0,0.4,180,1.8,0,0.0,0.0,0.0,2023-10-28 18:19:14.500106
2023-10-30 06:00:00,42.75,21.125,Prishtina,Europe/Berlin,7.1,6.5,6.0,0.0,0.0,0.0,22,1.1,198,1.1,0,0.0,0.0,0.0,2023-10-28 18:19:14.500106
2023-10-30 07:00:00,42.75,21.125,Prishtina,Europe/Berlin,7.1,6.3,6.0,0.0,0.0,0.0,27,1.1,180,1.8,0,0.0,0.0,0.0,2023-10-28 18:19:14.500106
2023-10-30 08:00:00,42.75,21.125,Prishtina,Europe/Berlin,7.0,6.7,6.0,0.0,0.0,0.0,37,0.8,207,1.8,1,31.0,6.0,13.1,2023-10-28 18:19:14.500106
2023-10-30 09:00:00,42.75,21.125,Prishtina,Europe/Berlin,8.3,7.1,7.3,0.0,0.0,0.0,44,1.8,270,6.1,1,155.0,69.0,92.5,2023-10-28 18:19:14.500106
2023-10-30 10:00:00,42.75,21.125,Prishtina,Europe/Berlin,12.0,7.1,10.8,0.0,0.0,0.0,0,2.9,270,9.0,1,315.0,213.0,247.8,2023-10-28 18:19:14.500106
2023-10-30 11:00:00,42.75,21.125,Prishtina,Europe/Berlin,15.7,7.2,14.4,0.0,0.0,0.0,0,4.0,243,11.2,1,447.0,347.0,375.8,2023-10-28 18:19:14.500106
2023-10-30 12:00:00,42.75,21.125,Prishtina,Europe/Berlin,18.1,7.5,16.5,0.0,0.0,0.0,0,6.6,229,15.8,1,526.0,424.0,436.6,2023-10-28 18:19:14.500106
2023-10-30 13:00:00,42.75,21.125,Prishtina,Europe/Berlin,19.8,7.5,17.9,0.0,0.0,0.0,0,8.2,218,18.0,1,546.0,446.0,439.1,2023-10-28 18:19:14.500106
2023-10-30 14:00:00,42.75,21.125,Prishtina,Europe/Berlin,20.7,7.3,18.7,0.0,0.0,0.0,0,9.4,203,19.4,1,510.0,414.0,388.2,2023-10-28 18:19:14.500106
2023-10-30 15:00:00,42.75,21.125,Prishtina,Europe/Berlin,21.1,6.9,18.9,0.0,0.0,0.0,0,9.5,205,19.8,1,417.0,329.0,288.5,2023-10-28 18:19:14.500106
2023-10-30 16:00:00,42.75,21.125,Prishtina,Europe/Berlin,20.7,6.6,18.5,0.0,0.0,0.0,0,8.9,207,19.4,1,278.0,204.0,157.9,2023-10-28 18:19:14.500106
2023-10-30 17:00:00,42.75,21.125,Prishtina,Europe/Berlin,19.0,8.1,17.7,0.0,0.0,0.0,21,5.7,215,17.6,1,117.0,68.0,33.0,2023-10-28 18:19:14.500106
2023-10-30 18:00:00,42.75,21.125,Prishtina,Europe/Berlin,16.3,8.5,15.3,0.0,0.0,0.0,0,4.6,162,11.2,0,9.0,2.0,0.0,2023-10-28 18:19:14.500106
2023-10-30 19:00:00,42.75,21.125,Prishtina,Europe/Berlin,14.4,9.4,13.7,0.0,0.0,0.0,0,3.5,156,7.9,0,0.0,0.0,0.0,2023-10-28 18:19:14.500106
2023-10-30 20:00:00,42.75,21.125,Prishtina,Europe/Berlin,12.8,9.4,12.2,0.0,0.0,0.0,0,2.9,187,5.8,0,0.0,0.0,0.0,2023-10-28 18:19:14.500106
2023-10-30 21:00:00,42.75,21.125,Prishtina,Europe/Berlin,11.6,9.1,10.8,0.0,0.0,0.0,0,3.6,143,6.8,0,0.0,0.0,0.0,2023-10-28 18:19:14.500106
2023-10-30 22:00:00,42.75,21.125,Prishtina,Europe/Berlin,11.0,8.5,10.3,0.0,0.0,0.0,6,1.6,207,6.8,0,0.0,0.0,0.0,2023-10-28 18:19:14.500106
2023-10-30 23:00:00,42.75,21.125,Prishtina,Europe/Berlin,10.0,8.1,9.2,0.0,0.0,0.0,0,2.1,211,4.0,0,0.0,0.0,0.0,2023-10-28 18:19:14.500106
2023-10-31 00:00:00,42.75,21.125,Prishtina,Europe/Berlin,9.6,7.5,8.7,0.0,0.0,0.0,12,1.8,143,4.0,0,0.0,0.0,0.0,2023-10-28 18:19:14.500106
2023-10-31 01:00:00,42.75,21.125,Prishtina,Europe/Berlin,9.3,7.5,8.5,0.0,0.0,0.0,100,0.8,153,4.0,0,0.0,0.0,0.0,2023-10-28 18:19:14.500106
2023-10-31 02:00:00,42.75,21.125,Prishtina,Europe/Berlin,8.7,8.0,8.0,0.0,0.0,0.0,96,1.1,198,2.9,0,0.0,0.0,0.0,2023-10-28 18:19:14.500106
2023-10-31 03:00:00,42.75,21.125,Prishtina,Europe/Berlin,8.5,7.8,7.8,0.0,0.0,0.0,95,1.0,225,3.6,0,0.0,0.0,0.0,2023-10-28 18:19:14.500106
2023-10-31 04:00:00,42.75,21.125,Prishtina,Europe/Berlin,8.2,7.3,7.3,0.0,0.0,0.0,72,1.5,135,4.3,0,0.0,0.0,0.0,2023-10-28 18:19:14.500106
2023-10-31 05:00:00,42.75,21.125,Prishtina,Europe/Berlin,7.7,7.4,6.7,0.0,0.0,0.0,92,2.3,252,3.6,0,0.0,0.0,0.0,2023-10-28 18:19:14.500106
2023-10-31 06:00:00,42.75,21.125,Prishtina,Europe/Berlin,7.4,7.2,6.5,0.0,0.0,0.0,100,1.1,162,4.0,0,0.0,0.0,0.0,2023-10-28 18:19:14.500106
2023-10-31 07:00:00,42.75,21.125,Prishtina,Europe/Berlin,7.3,7.2,6.2,0.0,0.0,0.0,100,2.4,243,4.3,0,0.0,0.0,0.0,2023-10-28 18:19:14.500106
2023-10-31 08:00:00,42.75,21.125,Prishtina,Europe/Berlin,7.7,7.5,6.9,0.0,0.0,0.0,100,1.1,270,4.3,1,28.0,2.0,4.4,2023-10-28 18:19:14.500106
2023-10-31 09:00:00,42.75,21.125,Prishtina,Europe/Berlin,9.5,8.4,8.8,0.0,0.0,0.0,92,2.2,270,6.5,1,121.0,13.0,17.5,2023-10-28 18:19:14.500106
2023-10-31 10:00:00,42.75,21.125,Prishtina,Europe/Berlin,13.5,9.1,12.6,0.0,0.0,0.0,100,4.1,225,10.1,1,262.0,123.0,143.3,2023-10-28 18:19:14.500106
2023-10-31 11:00:00,42.75,21.125,Prishtina,Europe/Berlin,17.6,7.9,15.4,0.0,0.0,0.0,100,11.2,195,23.0,1,304.0,101.0,109.5,2023-10-28 18:19:14.500106
2023-10-31 12:00:00,42.75,21.125,Prishtina,Europe/Berlin,19.5,6.2,16.1,0.0,0.0,0.0,82,16.6,180,32.8,1,370.0,142.0,146.2,2023-10-28 18:19:14.500106
2023-10-31 13:00:00,42.75,21.125,Prishtina,Europe/Berlin,20.2,4.2,16.4,0.0,0.0,0.0,100,16.2,184,33.1,1,373.0,139.0,136.8,2023-10-28 18:19:14.500106
2023-10-31 14:00:00,42.75,21.125,Prishtina,Europe/Berlin,20.1,5.3,16.7,0.0,0.0,0.0,100,15.3,195,32.4,1,281.0,39.0,36.5,2023-10-28 18:19:14.500106
2023-10-31 15:00:00,42.75,21.125,Prishtina,Europe/Berlin,20.0,4.5,16.3,0.0,0.0,0.0,100,16.3,208,31.7,1,223.0,28.0,24.5,2023-10-28 18:19:14.500106
2023-10-31 16:00:00,42.75,21.125,Prishtina,Europe/Berlin,19.2,5.6,16.1,0.0,0.0,0.0,100,13.5,205,31.7,1,109.0,1.0,0.8,2023-10-28 18:19:14.500106
2023-10-31 17:00:00,42.75,21.125,Prishtina,Europe/Berlin,18.1,5.9,15.9,0.0,0.0,0.0,100,7.5,197,25.9,1,31.0,0.0,0.0,2023-10-28 18:19:14.500106
2023-10-31 18:00:00,42.75,21.125,Prishtina,Europe/Berlin,16.8,5.4,15.0,0.0,0.0,0.0,100,4.0,185,14.8,0,3.0,0.0,0.0,2023-10-28 18:19:14.500106
2023-10-31 19:00:00,42.75,21.125,Prishtina,Europe/Berlin,15.3,7.3,14.0,0.0,0.0,0.0,100,4.1,195,9.0,0,0.0,0.0,0.0,2023-10-28 18:19:14.500106
2023-10-31 20:00:00,42.75,21.125,Prishtina,Europe/Berlin,14.7,9.0,13.9,0.2,0.0,0.0,100,3.3,193,9.0,0,0.0,0.0,0.0,2023-10-28 18:19:14.500106
2023-10-31 21:00:00,42.75,21.125,Prishtina,Europe/Berlin,14.1,9.9,13.6,0.5,0.0,0.0,100,2.9,180,16.9,0,0.0,0.0,0.0,2023-10-28 18:19:14.500106
2023-10-31 22:00:00,42.75,21.125,Prishtina,Europe/Berlin,13.7,10.5,13.4,0.5,0.0,0.0,100,3.0,166,24.5,0,0.0,0.0,0.0,2023-10-28 18:19:14.500106
2023-10-31 23:00:00,42.75,21.125,Prishtina,Europe/Berlin,13.4,11.1,13.3,0.5,0.0,0.0,100,3.4,162,32.4,0,0.0,0.0,0.0,2023-10-28 18:19:14.500106
2023-11-01 00:00:00,42.75,21.125,Prishtina,Europe/Berlin,13.4,11.8,13.4,0.7,0.0,0.0,83,3.7,169,25.2,0,0.0,0.0,0.0,2023-10-28 18:19:14.500106
2023-11-01 01:00:00,42.75,21.125,Prishtina,Europe/Berlin,13.4,12.1,13.5,0.7,0.0,0.0,67,4.0,175,17.6,0,0.0,0.0,0.0,2023-10-28 18:19:14.500106
2023-11-01 02:00:00,42.75,21.125,Prishtina,Europe/Berlin,13.3,12.2,13.3,0.7,0.0,0.0,50,4.0,185,10.4,0,0.0,0.0,0.0,2023-10-28 18:19:14.500106
2023-11-01 03:00:00,42.75,21.125,Prishtina,Europe/Berlin,12.8,11.2,12.6,0.0,0.0,0.0,34,3.9,202,11.2,0,0.0,0.0,0.0,2023-10-28 18:19:14.500106
2023-11-01 04:00:00,42.75,21.125,Prishtina,Europe/Berlin,12.1,9.8,11.5,0.0,0.0,0.0,19,4.1,218,12.2,0,0.0,0.0,0.0,2023-10-28 18:19:14.500106
2023-11-01 05:00:00,42.75,21.125,Prishtina,Europe/Berlin,11.5,8.5,10.6,0.0,0.0,0.0,3,3.8,229,13.0,0,0.0,0.0,0.0,2023-10-28 18:19:14.500106
2023-11-01 06:00:00,42.75,21.125,Prishtina,Europe/Berlin,10.9,7.9,9.9,0.0,0.0,0.0,6,2.6,214,11.2,0,0.0,0.0,0.0,2023-10-28 18:19:14.500106
2023-11-01 07:00:00,42.75,21.125,Prishtina,Europe/Berlin,10.3,7.5,9.4,0.0,0.0,0.0,8,1.6,153,9.4,0,0.0,0.0,0.0,2023-10-28 18:19:14.500106
2023-11-01 08:00:00,42.75,21.125,Prishtina,Europe/Berlin,10.5,7.5,9.6,0.0,0.0,0.0,11,1.3,124,7.6,1,31.0,11.0,24.3,2023-10-28 18:19:14.500106
2023-11-01 09:00:00,42.75,21.125,Prishtina,Europe/Berlin,12.0,8.2,11.1,0.0,0.0,0.0,25,2.6,286,13.3,1,128.0,59.0,79.8,2023-10-28 18:19:14.500106
2023-11-01 10:00:00,42.75,21.125,Prishtina,Europe/Berlin,14.2,9.4,12.9,0.0,0.0,0.0,40,8.3,288,19.1,1,255.0,140.0,163.4,2023-10-28 18:19:14.500106
2023-11-01 11:00:00,42.75,21.125,Prishtina,Europe/Berlin,16.0,9.8,14.1,0.0,0.0,0.0,54,12.3,291,24.8,1,377.0,229.0,248.3,2023-10-28 18:19:14.500106
2023-11-01 12:00:00,42.75,21.125,Prishtina,Europe/Berlin,16.8,8.7,14.3,0.0,0.0,0.0,54,14.3,298,27.4,1,456.0,296.0,304.9,2023-10-28 18:19:14.500106
2023-11-01 13:00:00,42.75,21.125,Prishtina,Europe/Berlin,17.1,6.6,14.0,0.0,0.0,0.0,55,15.1,308,29.5,1,485.0,331.0,325.8,2023-10-28 18:19:14.500106
2023-11-01 14:00:00,42.75,21.125,Prishtina,Europe/Berlin,17.0,5.3,13.6,0.0,0.0,0.0,55,14.8,319,32.0,1,459.0,317.0,296.9,2023-10-28 18:19:14.500106
2023-11-01 15:00:00,42.75,21.125,Prishtina,Europe/Berlin,16.4,5.9,13.6,0.0,0.0,0.0,70,12.2,336,28.1,1,382.0,251.0,219.5,2023-10-28 18:19:14.500106
2023-11-01 16:00:00,42.75,21.125,Prishtina,Europe/Berlin,15.4,7.1,13.2,0.0,0.0,0.0,84,10.1,4,24.5,1,264.0,157.0,120.6,2023-10-28 18:19:14.500106
2023-11-01 17:00:00,42.75,21.125,Prishtina,Europe/Berlin,14.2,7.7,12.2,0.0,0.0,0.0,99,10.0,30,20.5,1,121.0,65.0,29.7,2023-10-28 18:19:14.500106
2023-11-01 18:00:00,42.75,21.125,Prishtina,Europe/Berlin,12.9,7.4,10.9,0.0,0.0,0.0,95,9.0,37,18.0,0,17.0,8.0,0.0,2023-10-28 18:19:14.500106
2023-11-01 19:00:00,42.75,21.125,Prishtina,Europe/Berlin,11.5,6.6,9.7,0.0,0.0,0.0,92,6.4,38,15.5,0,0.0,0.0,0.0,2023-10-28 18:19:14.500106
2023-11-01 20:00:00,42.75,21.125,Prishtina,Europe/Berlin,10.2,5.9,8.5,0.0,0.0,0.0,88,4.6,39,13.0,0,0.0,0.0,0.0,2023-10-28 18:19:14.500106
2023-11-01 21:00:00,42.75,21.125,Prishtina,Europe/Berlin,9.1,5.8,7.5,0.0,0.0,0.0,92,4.1,45,10.8,0,0.0,0.0,0.0,2023-10-28 18:19:14.500106
2023-11-01 22:00:00,42.75,21.125,Prishtina,Europe/Berlin,8.2,6.2,6.7,0.0,0.0,0.0,96,3.9,56,9.0,0,0.0,0.0,0.0,2023-10-28 18:19:14.500106
2023-11-01 23:00:00,42.75,21.125,Prishtina,Europe/Berlin,7.5,6.1,5.9,0.0,0.0,0.0,100,3.7,61,6.8,0,0.0,0.0,0.0,2023-10-28 18:19:14.500106
2023-11-02 00:00:00,42.75,21.125,Prishtina,Europe/Berlin,6.9,5.6,5.3,0.0,0.0,0.0,100,3.1,69,6.5,0,0.0,0.0,0.0,2023-10-28 18:19:14.500106
2023-11-02 01:00:00,42.75,21.125,Prishtina,Europe/Berlin,6.5,5.3,4.9,0.0,0.0,0.0,100,2.5,82,5.8,0,0.0,0.0,0.0,2023-10-28 18:19:14.500106
2023-11-02 02:00:00,42.75,21.125,Prishtina,Europe/Berlin,6.1,4.7,4.6,0.0,0.0,0.0,100,1.8,101,5.4,0,0.0,0.0,0.0,2023-10-28 18:19:14.500106
2023-11-02 03:00:00,42.75,21.125,Prishtina,Europe/Berlin,5.9,4.4,4.4,0.0,0.0,0.0,100,1.3,124,4.3,0,0.0,0.0,0.0,2023-10-28 18:19:14.500106
2023-11-02 04:00:00,42.75,21.125,Prishtina,Europe/Berlin,5.9,4.3,4.3,0.0,0.0,0.0,100,1.1,162,3.2,0,0.0,0.0,0.0,2023-10-28 18:19:14.500106
2023-11-02 05:00:00,42.75,21.125,Prishtina,Europe/Berlin,5.8,4.2,4.2,0.0,0.0,0.0,100,1.1,198,2.2,0,0.0,0.0,0.0,2023-10-28 18:19:14.500106
2023-11-02 06:00:00,42.75,21.125,Prishtina,Europe/Berlin,5.3,4.4,3.7,0.0,0.0,0.0,99,1.3,214,2.2,0,0.0,0.0,0.0,2023-10-28 18:19:14.500106
2023-11-02 07:00:00,42.75,21.125,Prishtina,Europe/Berlin,4.7,4.4,3.2,0.0,0.0,0.0,99,1.3,214,2.2,0,0.0,0.0,0.0,2023-10-28 18:19:14.500106
2023-11-02 08:00:00,42.75,21.125,Prishtina,Europe/Berlin,5.1,4.8,3.6,0.0,0.0,0.0,98,1.5,225,2.2,1,24.0,2.0,4.4,2023-10-28 18:19:14.500106
2023-11-02 09:00:00,42.75,21.125,Prishtina,Europe/Berlin,7.2,5.6,5.8,0.0,0.0,0.0,99,1.8,233,4.7,1,111.0,34.0,46.2,2023-10-28 18:19:14.500106
2023-11-02 10:00:00,42.75,21.125,Prishtina,Europe/Berlin,10.1,6.3,8.8,0.0,0.0,0.0,99,2.3,231,7.2,1,242.0,120.0,140.2,2023-10-28 18:19:14.500106
2023-11-02 11:00:00,42.75,21.125,Prishtina,Europe/Berlin,12.7,6.3,11.3,0.0,0.0,0.0,100,3.3,229,9.7,1,373.0,224.0,243.1,2023-10-28 18:19:14.500106
2023-11-02 12:00:00,42.75,21.125,Prishtina,Europe/Berlin,14.7,5.7,12.8,0.0,0.0,0.0,68,5.6,230,13.7,1,459.0,302.0,311.2,2023-10-28 18:19:14.500106
2023-11-02 13:00:00,42.75,21.125,Prishtina,Europe/Berlin,16.3,4.9,13.8,0.0,0.0,0.0,35,8.4,230,17.6,1,492.0,345.0,339.6,2023-10-28 18:19:14.500106
2023-11-02 14:00:00,42.75,21.125,Prishtina,Europe/Berlin,17.4,4.0,14.4,0.0,0.0,0.0,3,10.5,232,21.6,1,473.0,344.0,322.0,2023-10-28 18:19:14.500106
2023-11-02 15:00:00,42.75,21.125,Prishtina,Europe/Berlin,16.7,8.4,15.7,0.0,0.0,0.0,3,4.3,270,12.2,1,416.0,333.0,290.9,2023-10-28 18:19:14.500106
2023-11-02 16:00:00,42.75,21.125,Prishtina,Europe/Berlin,16.1,8.6,15.4,0.0,0.0,0.0,2,2.5,270,10.8,1,291.0,227.0,173.8,2023-10-28 18:19:14.500106
2023-11-02 17:00:00,42.75,21.125,Prishtina,Europe/Berlin,15.1,8.4,14.6,0.0,0.0,0.0,0,0.8,243,9.4,1,132.0,99.0,44.1,2023-10-28 18:19:14.500106
2023-11-02 18:00:00,42.75,21.125,Prishtina,Europe/Berlin,13.6,7.4,12.8,0.0,0.0,0.0,0,1.3,146,8.3,0,17.0,12.0,0.0,2023-10-28 18:19:14.500106
2023-11-02 19:00:00,42.75,21.125,Prishtina,Europe/Berlin,11.7,6.2,10.3,0.0,0.0,0.0,0,3.3,131,7.6,0,0.0,0.0,0.0,2023-10-28 18:19:14.500106
2023-11-02 20:00:00,42.75,21.125,Prishtina,Europe/Berlin,10.1,5.3,8.4,0.0,0.0,0.0,0,4.4,125,6.5,0,0.0,0.0,0.0,2023-10-28 18:19:14.500106
2023-11-02 21:00:00,42.75,21.125,Prishtina,Europe/Berlin,9.0,5.0,7.1,0.0,0.0,0.0,0,4.3,114,7.2,0,0.0,0.0,0.0,2023-10-28 18:19:14.500106
2023-11-02 22:00:00,42.75,21.125,Prishtina,Europe/Berlin,8.1,5.1,6.4,0.0,0.0,0.0,0,4.0,100,7.6,0,0.0,0.0,0.0,2023-10-28 18:19:14.500106
2023-11-02 23:00:00,42.75,21.125,Prishtina,Europe/Berlin,7.5,5.0,5.7,0.0,0.0,0.0,0,4.0,85,8.3,0,0.0,0.0,0.0,2023-10-28 18:19:14.500106
2023-11-03 00:00:00,42.75,21.125,Prishtina,Europe/Berlin,7.1,4.6,5.3,0.0,0.0,0.0,0,4.0,85,7.9,0,0.0,0.0,0.0,2023-10-28 18:19:14.500106
2023-11-03 01:00:00,42.75,21.125,Prishtina,Europe/Berlin,7.0,4.4,5.1,0.0,0.0,0.0,0,4.0,85,7.6,0,0.0,0.0,0.0,2023-10-28 18:19:14.500106
2023-11-03 02:00:00,42.75,21.125,Prishtina,Europe/Berlin,6.8,4.0,4.8,0.0,0.0,0.0,0,4.0,90,7.2,0,0.0,0.0,0.0,2023-10-28 18:19:14.500106
2023-11-03 03:00:00,42.75,21.125,Prishtina,Europe/Berlin,6.3,3.8,4.2,0.0,0.0,0.0,33,4.3,95,7.9,0,0.0,0.0,0.0,2023-10-28 18:19:14.500106
2023-11-03 04:00:00,42.75,21.125,Prishtina,Europe/Berlin,5.6,3.6,3.4,0.0,0.0,0.0,67,4.7,99,9.0,0,0.0,0.0,0.0,2023-10-28 18:19:14.500106
2023-11-03 05:00:00,42.75,21.125,Prishtina,Europe/Berlin,5.2,3.6,3.0,0.0,0.0,0.0,100,5.2,102,9.7,0,0.0,0.0,0.0,2023-10-28 18:19:14.500106
2023-11-03 06:00:00,42.75,21.125,Prishtina,Europe/Berlin,5.1,3.8,2.8,0.0,0.0,0.0,100,5.6,105,10.8,0,0.0,0.0,0.0,2023-10-28 18:19:14.500106
2023-11-03 07:00:00,42.75,21.125,Prishtina,Europe/Berlin,5.2,4.2,3.0,0.0,0.0,0.0,100,6.0,107,12.2,0,0.0,0.0,0.0,2023-10-28 18:19:14.500106
2023-11-03 08:00:00,42.75,21.125,Prishtina,Europe/Berlin,6.3,4.9,4.1,0.0,0.0,0.0,100,6.6,112,13.3,1,22.0,1.0,2.2,2023-10-28 18:19:14.500106
2023-11-03 09:00:00,42.75,21.125,Prishtina,Europe/Berlin,8.9,5.9,6.9,0.0,0.0,0.0,75,7.3,123,15.1,1,103.0,27.0,36.9,2023-10-28 18:19:14.500106
2023-11-03 10:00:00,42.75,21.125,Prishtina,Europe/Berlin,12.5,6.3,10.4,0.0,0.0,0.0,49,8.1,135,17.3,1,229.0,103.0,120.5,2023-10-28 18:19:14.500106
2023-11-03 11:00:00,42.75,21.125,Prishtina,Europe/Berlin,15.3,6.4,13.1,0.0,0.0,0.0,24,9.4,148,19.1,1,358.0,204.0,221.5,2023-10-28 18:19:14.500106
2023-11-03 12:00:00,42.75,21.125,Prishtina,Europe/Berlin,16.9,6.2,14.4,0.0,0.0,0.0,16,11.2,159,22.0,1,453.0,305.0,314.3,2023-10-28 18:19:14.500106
2023-11-03 13:00:00,42.75,21.125,Prishtina,Europe/Berlin,17.8,6.0,14.9,0.0,0.0,0.0,8,13.2,169,25.2,1,498.0,383.0,376.9,2023-10-28 18:19:14.500106
2023-11-03 14:00:00,42.75,21.125,Prishtina,Europe/Berlin,18.2,6.1,15.2,0.0,0.0,0.0,0,14.1,174,28.1,1,479.0,393.0,367.7,2023-10-28 18:19:14.500106
2023-11-03 15:00:00,42.75,21.125,Prishtina,Europe/Berlin,18.0,6.9,15.4,0.0,0.0,0.0,18,12.6,178,25.6,1,402.0,326.0,284.4,2023-10-28 18:19:14.500106
2023-11-03 16:00:00,42.75,21.125,Prishtina,Europe/Berlin,17.4,7.7,15.4,0.0,0.0,0.0,36,9.4,182,23.4,1,276.0,211.0,160.9,2023-10-28 18:19:14.500106
2023-11-03 17:00:00,42.75,21.125,Prishtina,Europe/Berlin,16.4,7.9,14.9,0.0,0.0,0.0,54,7.2,180,20.9,1,121.0,87.0,37.5,2023-10-28 18:19:14.500106
2023-11-03 18:00:00,42.75,21.125,Prishtina,Europe/Berlin,15.1,7.2,13.4,0.0,0.0,0.0,69,6.8,162,20.5,0,15.0,10.0,0.0,2023-10-28 18:19:14.500106
2023-11-03 19:00:00,42.75,21.125,Prishtina,Europe/Berlin,13.6,6.0,11.4,0.0,0.0,0.0,85,8.2,142,20.2,0,0.0,0.0,0.0,2023-10-28 18:19:14.500106
2023-11-03 20:00:00,42.75,21.125,Prishtina,Europe/Berlin,12.3,5.3,9.8,0.0,0.0,0.0,100,9.7,132,19.8,0,0.0,0.0,0.0,2023-10-28 18:19:14.500106
2023-11-03 21:00:00,42.75,21.125,Prishtina,Europe/Berlin,11.7,5.8,9.2,0.0,0.0,0.0,100,10.0,131,19.8,0,0.0,0.0,0.0,2023-10-28 18:19:14.500106
2023-11-03 22:00:00,42.75,21.125,Prishtina,Europe/Berlin,11.4,6.5,9.1,0.0,0.0,0.0,100,9.4,133,19.4,0,0.0,0.0,0.0,2023-10-28 18:19:14.500106
2023-11-03 23:00:00,42.75,21.125,Prishtina,Europe/Berlin,11.2,7.3,9.2,0.0,0.0,0.0,100,9.2,135,19.4,0,0.0,0.0,0.0,2023-10-28 18:19:14.500106
